,Titulo,Categoria,Descuento,Pagina
0,"<a target=""_blank ""href=""https://www.smgusta.com.ar/cultura-y-entretenimiento/289-cfe-centro-de-formacion.html"">CFE | Centro de Formación</a>",Cultura y entretenimiento,20% de descuento,Swiss Medical
1,"<a target=""_blank ""href=""https://www.smgusta.com.ar/familia/288-from-beirut.html"">From Beirut</a>",Cultura y entretenimiento,20% de descuento,Swiss Medical
2,"<a target=""_blank ""href=""https://www.smgusta.com.ar/actividad-fisica-y-nutricion/285-cura-te-alma.html"">Cura Té Alma</a>",Actividad Física,15% de descuento,Swiss Medical
3,"<a target=""_blank ""href=""https://www.smgusta.com.ar/familia/283-desayunos-personalizados.html"">Desayunos Personalizados</a>",Cultura y entretenimiento,15% de descuento,Swiss Medical
4,"<a target=""_blank ""href=""https://www.smgusta.com.ar/actividad-fisica-y-nutricion/282-como-siempre-organico.html"">Como siempre Orgánico</a>",Actividad Física,10% de descuento,Swiss Medical
5,"<a target=""_blank ""href=""https://www.smgusta.com.ar/familia/280-vanvaz-tienda-de-objetos.html"">Vanvaz | Tienda de objetos</a>",Cultura y entretenimiento,20% de descuento,Swiss Medical
6,"<a target=""_blank ""href=""https://www.smgusta.com.ar/familia/279-smookies.html"">Smookies</a>",Cultura y entretenimiento,20% de descuento,Swiss Medical
7,"<a target=""_blank ""href=""https://www.smgusta.com.ar/relax/275-d-unas-caba.html"">D-Uñas | CABA</a>",Relax,20% de descuento,Swiss Medical
8,"<a target=""_blank ""href=""https://www.smgusta.com.ar/cultura-y-entretenimiento/272-estudia-stand-up.html"">Estudia Stand Up</a>",Cultura y entretenimiento,30% de descuento,Swiss Medical
9,"<a target=""_blank ""href=""https://www.smgusta.com.ar/familia/269-globba.html"">GLOBBA</a>",Cultura y entretenimiento,15% de descuento,Swiss Medical
10,"<a target=""_blank ""href=""https://www.smgusta.com.ar/cultura-y-entretenimiento/266-it-master-academy.html"">IT Master Academy</a>",Cultura y entretenimiento,40% de descuento en la matrícula,Swiss Medical
11,"<a target=""_blank ""href=""https://www.smgusta.com.ar/cultura-y-entretenimiento/264-premium-school-academia-de-conductores-.html"">Premium School | Academia de conductores</a>",Cultura y entretenimiento,15% de descuento,Swiss Medical
12,"<a target=""_blank ""href=""https://www.smgusta.com.ar/cultura-y-entretenimiento/263-coco-liso-teatro-para-bebes.html"">COCO LISO | TEATRO PARA BEBÉS</a>",Cultura y entretenimiento,15% de descuento,Swiss Medical
13,"<a target=""_blank ""href=""https://www.smgusta.com.ar/familia/262-conociendo-rusia-teatro-gran-rex.html"">Conociendo Rusia | Teatro Gran Rex</a>",Cultura y entretenimiento,20% de descuento,Swiss Medical
14,"<a target=""_blank ""href=""https://www.smgusta.com.ar/relax/254-iwoeka-cosmetica-natural.html"">IWÖKA | Cosmética natural</a>",Relax,15% de descuento,Swiss Medical
15,"<a target=""_blank ""href=""https://www.smgusta.com.ar/familia/249-un-ratito-mas-juguetes-didacticos.html"">Un ratito más | Juguetes Didácticos</a>",Cultura y entretenimiento,15% de descuento,Swiss Medical
16,"<a target=""_blank ""href=""https://www.smgusta.com.ar/actividad-fisica-y-nutricion/245-scuba-dive-argentina.html"">Scuba Dive Argentina</a>",Actividad Física,15% de descuento,Swiss Medical
17,"<a target=""_blank ""href=""https://www.smgusta.com.ar/cultura-y-entretenimiento/244-ean-escuela-argentina-de-negocios.html"">EAN | Escuela Argentina de Negocios</a>",Cultura y entretenimiento,50% de descuento,Swiss Medical
18,"<a target=""_blank ""href=""https://www.smgusta.com.ar/relax/242-hoja-del-monte.html"">Hoja del Monte</a>",Relax,20% de descuento,Swiss Medical
19,"<a target=""_blank ""href=""https://www.smgusta.com.ar/cultura-y-entretenimiento/237-instituto-roberto-piazza.html"">Instituto Roberto Piazza</a>",Cultura y entretenimiento,15% de descuento,Swiss Medical
20,"<a target=""_blank ""href=""https://www.smgusta.com.ar/todos-los-beneficios/234-open-english-next-u.html"">Open English | Next U</a>",Cultura y entretenimiento,75% de descuento,Swiss Medical
21,"<a target=""_blank ""href=""https://www.smgusta.com.ar/cultura-y-entretenimiento/225-ciclo-verano-off-en-el-met-teatro-metropolitan.html"">Ciclo Verano OFF en el MET! | Teatro Metropolitan</a>",Cultura y entretenimiento,20% de descuento,Swiss Medical
22,"<a target=""_blank ""href=""https://www.smgusta.com.ar/cultura-y-entretenimiento/224-teatro-metropolitan-sura-entre-ella-y-yo.html"">Teatro Metropolitan Sura | ENTRE ELLA Y YO</a>",Cultura y entretenimiento,20% de descuento,Swiss Medical
23,"<a target=""_blank ""href=""https://www.smgusta.com.ar/cultura-y-entretenimiento/223-teatro-metropolitan-sura-faking-posca-.html"">Teatro Metropolitan Sura | FAKING POSCA</a>",Cultura y entretenimiento,20% de descuento,Swiss Medical
24,"<a target=""_blank ""href=""https://www.smgusta.com.ar/cultura-y-entretenimiento/222-paseo-la-plaza-mellera-y-lauriente.html"">Paseo La Plaza | MELLERA Y LAURIENTE</a>",Cultura y entretenimiento,20% de descuento,Swiss Medical
25,"<a target=""_blank ""href=""https://www.smgusta.com.ar/cultura-y-entretenimiento/221-paseo-la-plaza-mucho.html"">Paseo La Plaza | MUCHO</a>",Cultura y entretenimiento,20% de descuento,Swiss Medical
26,"<a target=""_blank ""href=""https://www.smgusta.com.ar/cultura-y-entretenimiento/220-paseo-la-plaza-quedate-conmigo-lucas.html"">Paseo La Plaza | QUEDATE CONMIGO, LUCAS</a>",Cultura y entretenimiento,20% de descuento,Swiss Medical
27,"<a target=""_blank ""href=""https://www.smgusta.com.ar/cultura-y-entretenimiento/219-paseo-la-plaza-despues-de-nosotros-.html"">Paseo La Plaza | DESPUÉS DE NOSOTROS</a>",Cultura y entretenimiento,20% de descuento,Swiss Medical
28,"<a target=""_blank ""href=""https://www.smgusta.com.ar/cultura-y-entretenimiento/218-paseo-la-plaza-la-verdad-.html"">Paseo La Plaza | LA VERDAD</a>",Cultura y entretenimiento,20% de descuento,Swiss Medical
29,"<a target=""_blank ""href=""https://www.smgusta.com.ar/familia/214-beelight-velas-naturales.html"">Beelight | Velas Naturales</a>",Cultura y entretenimiento,25% de descuento,Swiss Medical
30,"<a target=""_blank ""href=""https://www.smgusta.com.ar/relax/211-mindfulness-verano-2020.html"">Mindfulness Verano 2020</a>",Relax,30% de descuento,Swiss Medical
31,"<a target=""_blank ""href=""https://www.smgusta.com.ar/familia/206-mama-flora-bolsos-maternales.html"">Mamá Flora | Bolsos Maternales</a>",Cultura y entretenimiento,15% de descuento,Swiss Medical
32,"<a target=""_blank ""href=""https://www.smgusta.com.ar/familia/186-wabro.html"">WABRO</a>",Cultura y entretenimiento,20% de descuento,Swiss Medical
33,"<a target=""_blank ""href=""https://www.smgusta.com.ar/familia/173-baby-fun.html"">Baby Fun</a>",Cultura y entretenimiento,15% de descuento,Swiss Medical
34,"<a target=""_blank ""href=""https://www.smgusta.com.ar/actividad-fisica-y-nutricion/171-matria-espacio-de-yoga.html"">Matria | Espacio de Yoga</a>",Actividad Física,50% de descuento,Swiss Medical
35,"<a target=""_blank ""href=""https://www.smgusta.com.ar/cultura-y-entretenimiento/170-kevin-johansen-presenta-algo-ritmos-en-el-gran-rex.html"">Kevin Johansen presenta “Algo Ritmos” en el Gran Rex</a>",Cultura y entretenimiento,20% de descuento,Swiss Medical
36,"<a target=""_blank ""href=""https://www.smgusta.com.ar/actividad-fisica-y-nutricion/168-clickypass.html"">Clickypass</a>",Actividad Física,¡Propuesta exclusiva! ¡Miles de experiencias!,Swiss Medical
37,"<a target=""_blank ""href=""https://www.smgusta.com.ar/relax/166-las-picasso-nails-lashes.html"">Las Picasso Nails &amp; Lashes</a>",Relax,25% de descuento,Swiss Medical
38,"<a target=""_blank ""href=""https://www.smgusta.com.ar/cultura-y-entretenimiento/165-id-ride-daily-bicicletas-electricas.html"">ID Ride Daily | Bicicletas eléctricas</a>",Cultura y entretenimiento,15% de descuento,Swiss Medical
39,"<a target=""_blank ""href=""https://www.smgusta.com.ar/relax/163-nat-cosmetichouse.html"">NAT Cosmetichouse</a>",Relax,15% de descuento,Swiss Medical
40,"<a target=""_blank ""href=""https://www.smgusta.com.ar/actividad-fisica-y-nutricion/159-baila-swing.html"">Baila Swing!</a>",Actividad Física,15% de descuento,Swiss Medical
41,"<a target=""_blank ""href=""https://www.smgusta.com.ar/familia/157-conexion-berlin-juegos-de-mesa.html"">Conexión Berlín | Juegos de Mesa</a>",Cultura y entretenimiento,20% de descuento,Swiss Medical
42,"<a target=""_blank ""href=""https://www.smgusta.com.ar/relax/156-adriana-lopez-make-up.html"">Adriana Lopez Make Up</a>",Relax,2 x 1 en Automaquillaje,Swiss Medical
43,"<a target=""_blank ""href=""https://www.smgusta.com.ar/actividad-fisica-y-nutricion/152-estudio-bayres.html"">Estudio Bayres</a>",Actividad Física,15% de descuento,Swiss Medical
44,"<a target=""_blank ""href=""https://www.smgusta.com.ar/cultura-y-entretenimiento/151-motivarte-escuela-de-fotografia.html"">Motivarte | Escuela de Fotografía</a>",Cultura y entretenimiento,50% de descuento,Swiss Medical
45,"<a target=""_blank ""href=""https://www.smgusta.com.ar/familia/150-gepetto.html"">Gepetto</a>",Cultura y entretenimiento,15% de descuento,Swiss Medical
46,"<a target=""_blank ""href=""https://www.smgusta.com.ar/familia/149-baby-eco-party.html"">Baby Eco Party</a>",Cultura y entretenimiento,15% de descuento,Swiss Medical
47,"<a target=""_blank ""href=""https://www.smgusta.com.ar/familia/148-liviano-juguetes-y-accesorios-ecoamigables.html"">Liviano | Juguetes y accesorios ecoamigables</a>",Cultura y entretenimiento,20% de descuento,Swiss Medical
48,"<a target=""_blank ""href=""https://www.smgusta.com.ar/actividad-fisica-y-nutricion/146-yogabarracas.html"">YogaBarracas</a>",Actividad Física,15% de descuento,Swiss Medical
49,"<a target=""_blank ""href=""https://www.smgusta.com.ar/actividad-fisica-y-nutricion/144-on-fit.html"">On Fit</a>",Actividad Física,17% de descuento,Swiss Medical
50,"<a target=""_blank ""href=""https://www.smgusta.com.ar/cultura-y-entretenimiento/136-enter-the-exit-juegos-de-escape.html"">Enter The Exit - Juegos de Escape</a>",Cultura y entretenimiento,20% de descuento,Swiss Medical
51,"<a target=""_blank ""href=""https://www.smgusta.com.ar/familia/130-minihaus-kids.html"">Minihaus Kids</a>",Cultura y entretenimiento,10% de descuento,Swiss Medical
52,"<a target=""_blank ""href=""https://www.smgusta.com.ar/relax/121-the-beauty-bar.html"">The Beauty Bar</a>",Relax,20% de descuento,Swiss Medical
53,"<a target=""_blank ""href=""https://www.smgusta.com.ar/actividad-fisica-y-nutricion/120-buenos-aires-fitness-center.html"">Buenos Aires Fitness Center</a>",Actividad Física,15% de descuento,Swiss Medical
54,"<a target=""_blank ""href=""https://www.smgusta.com.ar/actividad-fisica-y-nutricion/114-bayres-center-gym.html"">BAYRES CENTER GYM</a>",Actividad Física,50% de descuento,Swiss Medical
55,"<a target=""_blank ""href=""https://www.smgusta.com.ar/familia/113-chilly.html"">CHILLY</a>",Cultura y entretenimiento,15% de descuento,Swiss Medical
56,"<a target=""_blank ""href=""https://www.smgusta.com.ar/cultura-y-entretenimiento/110-teatro-ciego.html"">Teatro Ciego</a>",Cultura y entretenimiento,2x1 en todos los espectáculos,Swiss Medical
57,"<a target=""_blank ""href=""https://www.smgusta.com.ar/familia/105-ludiedro-.html"">LUDIEDRO</a>",Cultura y entretenimiento,20% de descuento,Swiss Medical
58,"<a target=""_blank ""href=""https://www.smgusta.com.ar/relax/98-kuesta-barber-truck-.html"">Küsta Barber Truck</a>",Relax,20% de descuento.,Swiss Medical
59,"<a target=""_blank ""href=""https://www.smgusta.com.ar/actividad-fisica-y-nutricion/97-parabien.html"">PARABIEN</a>",Actividad Física,15% de descuento.,Swiss Medical
60,"<a target=""_blank ""href=""https://www.smgusta.com.ar/actividad-fisica-y-nutricion/93-coquitos.html"">Coquito´s</a>",Actividad Física,15% de descuento.,Swiss Medical
61,"<a target=""_blank ""href=""https://www.smgusta.com.ar/cultura-y-entretenimiento/89-juegos-mentales.html"">Juegos Mentales</a>",Cultura y entretenimiento,20% de descuento,Swiss Medical
62,"<a target=""_blank ""href=""https://www.smgusta.com.ar/actividad-fisica-y-nutricion/86-megatlon-red-de-clubes.html"">MEGATLON | Red de Clubes</a>",Actividad Física,¡2 meses de regalo! 10 X 12,Swiss Medical
63,"<a target=""_blank ""href=""https://www.smgusta.com.ar/familia/85-embarazo-activo.html"">Embarazo Activo</a>",Cultura y entretenimiento,15% de descuento.,Swiss Medical
64,"<a target=""_blank ""href=""https://www.smgusta.com.ar/actividad-fisica-y-nutricion/81-doup.html"">DOUP!</a>",Actividad Física,25% de descuento.,Swiss Medical
65,"<a target=""_blank ""href=""https://www.smgusta.com.ar/relax/78-the-barber-job.html"">The Barber Job</a>",Relax,15% de descuento.,Swiss Medical
66,"<a target=""_blank ""href=""https://www.smgusta.com.ar/familia/72-leamos.html"">Leamos</a>",Cultura y entretenimiento,50% de descuento. Descubrí un mundo de lectura.,Swiss Medical
67,"<a target=""_blank ""href=""https://www.smgusta.com.ar/actividad-fisica-y-nutricion/69-maas-yoga.html"">Maas Yoga</a>",Actividad Física,20% de descuento en todas las clases,Swiss Medical
68,"<a target=""_blank ""href=""https://www.smgusta.com.ar/relax/65-casa-calma-hotel.html"">Casa Calma Hotel</a>",Relax,15% de descuento en alojamiento sobre la tarifa web.,Swiss Medical
69,"<a target=""_blank ""href=""https://www.smgusta.com.ar/relax/63-mrcb-buenos-aires-desde-el-cielo.html"">MRCB - Buenos Aires desde el cielo</a>",Relax,15% de descuento en servicios de paseos aéreos.,Swiss Medical
70,"<a target=""_blank ""href=""https://www.smgusta.com.ar/actividad-fisica-y-nutricion/51-yogar.html"">YOGAR</a>",Actividad Física,20% de descuento.,Swiss Medical
71,"<a target=""_blank ""href=""https://www.smgusta.com.ar/actividad-fisica-y-nutricion/47-yoga-bonito.html"">Yoga Bonito</a>",Actividad Física,20% de descuento para las clases regulares de yoga,Swiss Medical
72,"<a target=""_blank ""href=""https://www.smgusta.com.ar/actividad-fisica-y-nutricion/45-gout-gluten-free.html"">GOÛT GLUTEN FREE</a>",Actividad Física,"10% de descuento. Todo RICO, todo GLUTEN FREE.",Swiss Medical
73,"<a target=""_blank ""href=""https://www.smgusta.com.ar/actividad-fisica-y-nutricion/42-punto-uno.html"">Punto Uno</a>",Actividad Física,35% de descuento en toda su linea de productos.,Swiss Medical
74,"<a target=""_blank ""href=""https://www.smgusta.com.ar/actividad-fisica-y-nutricion/39-verde-y-organico.html"">Verde y Orgánico</a>",Actividad Física,15% de descuento en productos y servicios de jardinería.,Swiss Medical
75,"<a target=""_blank ""href=""https://www.smgusta.com.ar/relax/36-les-soeurs-nails-spa.html"">Les Soeurs Nails Spa</a>",Relax,30% de descuento en todos los servicios de nuestra web.,Swiss Medical
76,"<a target=""_blank ""href=""https://www.smgusta.com.ar/relax/28-assist-card.html"">ASSIST CARD</a>",Relax,50% de descuento + 5% adicional por ser asociado,Swiss Medical
77,"<a target=""_blank ""href=""https://www.smgusta.com.ar/cultura-y-entretenimiento/27-teatro-metropolitan.html"">Teatro Metropolitan</a>",Cultura y entretenimiento,20% de descuento,Swiss Medical
78,"<a target=""_blank ""href=""https://www.smgusta.com.ar/cultura-y-entretenimiento/26-paseo-la-plaza.html"">Paseo La Plaza</a>",Cultura y entretenimiento,20% de descuento,Swiss Medical
79,"<a target=""_blank ""href=""https://www.smgusta.com.ar/familia/25-book-fotografico-by-sole-guzman-.html"">BOOK FOTOGRAFICO by Sole Guzmán</a>",Cultura y entretenimiento,25% de descuento en sesiones de fotografía artística.,Swiss Medical
80,"<a target=""_blank ""href=""https://www.smgusta.com.ar/cultura-y-entretenimiento/24-curso-de-timonel.html"">Curso de Timonel</a>",Cultura y entretenimiento,15% de descuento en curso de timonel.,Swiss Medical
81,"<a target=""_blank ""href=""https://www.smgusta.com.ar/cultura-y-entretenimiento/22-teatrix.html"">TEATRIX</a>",Cultura y entretenimiento,25% de descuento en la suscripción mensual.,Swiss Medical
82,"<a target=""_blank ""href=""https://www.smgusta.com.ar/relax/20-antonella-ovalle.html"">Antonella O´Valle</a>",Relax,40% de descuento.,Swiss Medical
83,"<a target=""_blank ""href=""https://www.smgusta.com.ar/familia/19-green-dog.html"">GREEN DOG</a>",Cultura y entretenimiento,15% de descuento.,Swiss Medical
84,"<a target=""_blank ""href=""https://www.smgusta.com.ar/actividad-fisica-y-nutricion/14-entrena-ya.html"">Entrena Ya</a>",Actividad Física,15% de descuento en todos los planes.,Swiss Medical
85,"<a target=""_blank ""href=""https://www.smgusta.com.ar/cultura-y-entretenimiento/11-gloew-libros.html"">Glöw Libros</a>",Cultura y entretenimiento,Regalo Sopresa.,Swiss Medical
86,"<a target=""_blank ""href=""https://www.smgusta.com.ar/relax/10-vision-clara.html"">Visión Clara</a>",Relax,20% de descuento para los programas Mindfulness.,Swiss Medical
87,"<a target=""_blank ""href=""https://www.smgusta.com.ar/actividad-fisica-y-nutricion/7-club-de-corredores.html"">CLUB DE CORREDORES</a>",Actividad Física,15% de descuento para compras en nuestro Pro Shop,Swiss Medical
88,"<a target=""_blank ""href=""https://www.smgusta.com.ar/actividad-fisica-y-nutricion/6-fitness-beat-argentina-.html"">Fitness Beat Argentina</a>",Actividad Física,15% de descuento en todos los productos.,Swiss Medical
89,"<a target=""_blank ""href=""https://www.smgusta.com.ar/actividad-fisica-y-nutricion/5-verdeagua.html"">Verdeagua</a>",Actividad Física,15% de descuento KIT HUERTA HIDROPONICA KITCHEN I.,Swiss Medical
90,"<a target=""_blank ""href=""https://www.smgusta.com.ar/relax/4-boti-k-puro.html"">BOTI-K PURO</a>",Relax,15% de descuento sobre LÍNEA NEUTRO – EXTRA SUAVE.,Swiss Medical
91,"<a target=""_blank ""href=""https://www.smgusta.com.ar/relax/3-dandy.html"">DANDY</a>",Relax,20% de descuento en todos los productos.,Swiss Medical
92,"<a target=""_blank"" href=""https://club.movistar.com.ar/descuentos/cinemacenter-4"">Cinemacenter</a>",Cultura y entretenimiento,2x1,Movistar
93,"<a target=""_blank"" href=""https://club.movistar.com.ar/descuentos/tu-entrada-dot-com"">Tu entrada.com</a>",Actividad Física,Gratis,Movistar
94,"<a target=""_blank"" href=""https://club.movistar.com.ar/descuentos/dia-online-4"">DIA Online</a>",Supermercados,PROMO,Movistar
95,"<a target=""_blank"" href=""https://club.movistar.com.ar/descuentos/club-la-nacion-1"">Club La Nación</a>",Actividad Física,90%OFF,Movistar
96,"<a target=""_blank"" href=""https://club.movistar.com.ar/descuentos/pasajes-de-micro"">Pasajes de micro</a>",Actividad Física,30%OFF,Movistar
97,"<a target=""_blank"" href=""https://club.movistar.com.ar/descuentos/showcase-cines"">Cines Showcase</a>",Cultura y entretenimiento,2x1,Movistar
98,"<a target=""_blank"" href=""https://club.movistar.com.ar/descuentos/valija-chica"">Fanbag</a>",Actividad Física,20%OFF,Movistar
99,"<a target=""_blank"" href=""https://club.movistar.com.ar/descuentos/cines-multiplex-1"">Cines Multiplex</a>",Cultura y entretenimiento,2x1,Movistar
100,"<a target=""_blank"" href=""https://club.movistar.com.ar/descuentos/antares"">Antares</a>",Actividad Física,Promo,Movistar
101,"<a target=""_blank"" href=""https://club.movistar.com.ar/descuentos/atlas-cines"">Atlas Cines</a>",Cultura y entretenimiento,2x1,Movistar
102,"<a target=""_blank"" href=""https://club.movistar.com.ar/descuentos/plataforma-10"">Plataforma 10</a>",Viajes y Turismo,50%OFF,Movistar
103,"<a target=""_blank"" href=""https://club.movistar.com.ar/descuentos/hipermercado-libertad"">Hipermercado Libertad</a>",Supermercados,15%OFF,Movistar
104,"<a target=""_blank"" href=""https://club.movistar.com.ar/descuentos/rappi-supermercados-1"">Rappi Supermercados</a>",Supermercados,50%OFF,Movistar
105,"<a target=""_blank"" href=""https://club.movistar.com.ar/descuentos/sacoa-3"">Sacoa</a>",Actividad Física,Promo,Movistar
106,"<a target=""_blank"" href=""https://club.movistar.com.ar/descuentos/cinema-adrogue"">Cinema Adrogué</a>",Cultura y entretenimiento,2x1,Movistar
107,"<a target=""_blank"" href=""https://club.movistar.com.ar/descuentos/cabify"">Cabify</a>",Actividad Física,Promo,Movistar
108,"<a target=""_blank"" href=""https://club.movistar.com.ar/descuentos/club-de-la-milanesa"">Club de la Milanesa</a>",Actividad Física,15%OFF,Movistar
109,"<a target=""_blank"" href=""https://club.movistar.com.ar/descuentos/cinema-devoto"">Cinema Devoto</a>",Cultura y entretenimiento,2x1,Movistar
110,"<a target=""_blank"" href=""https://club.movistar.com.ar/descuentos/desconstruir-el-amor-1"">Desconstruir el amor</a>",,2x1,Movistar
111,"<a target=""_blank"" href=""https://club.movistar.com.ar/descuentos/burguerbeer"">BurguerBeer</a>",Actividad Física,2x1,Movistar
112,"<a target=""_blank"" href=""https://club.movistar.com.ar/descuentos/el-kuelgue-4"">El Kuelgue</a>",Actividad Física,2x1,Movistar
113,"<a target=""_blank"" href=""https://club.movistar.com.ar/descuentos/juegos-mentales-1"">Juegos mentales</a>",Actividad Física,20%OFF,Movistar
114,"<a target=""_blank"" href=""https://club.movistar.com.ar/descuentos/la-bomba-de-tiempo-19"">La Bomba de Tiempo</a>",Actividad Física,2x1,Movistar
115,"<a target=""_blank"" href=""https://club.movistar.com.ar/descuentos/johnny-b-good"">Johnny B. Good</a>",Actividad Física,15%OFF,Movistar
116,"<a target=""_blank"" href=""https://club.movistar.com.ar/descuentos/laser-experience-8"">Laser Experience</a>",Actividad Física,2x1,Movistar
117,"<a target=""_blank"" href=""https://club.movistar.com.ar/descuentos/musica-en-la-oscuridad-12"">Música en la Oscuridad</a>",Actividad Física,2x1,Movistar
118,"<a target=""_blank"" href=""https://club.movistar.com.ar/descuentos/euca-tigre-3"">Euca Tigre</a>",Actividad Física,20%OFF,Movistar
119,"<a target=""_blank"" href=""https://club.movistar.com.ar/descuentos/pentos"">Pentos</a>",Gastronomía,20%OFF,Movistar
120,"<a target=""_blank"" href=""https://club.movistar.com.ar/descuentos/deteatro-dot-com-dot-ar"">deteatro.com.ar</a>",Actividad Física,2x1,Movistar
121,"<a target=""_blank"" href=""https://club.movistar.com.ar/descuentos/cumbia-konex-24"">Cumbia Konex</a>",Actividad Física,2x1,Movistar
122,"<a target=""_blank"" href=""https://club.movistar.com.ar/descuentos/pista-de-hielo-bowling-and-co"">Pista de hielo - Bowling & Co</a>",Actividad Física,2x1,Movistar
123,"<a target=""_blank"" href=""https://club.movistar.com.ar/descuentos/barbacoa-1"">Barbacoa</a>",Gastronomía,20%OFF,Movistar
124,"<a target=""_blank"" href=""https://club.movistar.com.ar/descuentos/casciari-en-la-aldea-2"">Casciari en La Aldea</a>",Actividad Física,2x1,Movistar
125,"<a target=""_blank"" href=""https://club.movistar.com.ar/descuentos/abran-mancha-7"">Abran Mancha</a>",Actividad Física,2x1,Movistar
126,"<a target=""_blank"" href=""https://club.movistar.com.ar/descuentos/entre-dos"">Entre Dos</a>",Gastronomía,20%OFF,Movistar
127,"<a target=""_blank"" href=""https://club.movistar.com.ar/descuentos/baum"">Baum</a>",Gastronomía,15%OFF,Movistar
128,"<a target=""_blank"" href=""https://club.movistar.com.ar/descuentos/pat-metheny"">Pat Metheny</a>",Actividad Física,2x1,Movistar
129,"<a target=""_blank"" href=""https://club.movistar.com.ar/descuentos/the-barbeer"">The Barbeer</a>",Actividad Física,Promo,Movistar
130,"<a target=""_blank"" href=""https://club.movistar.com.ar/descuentos/museo-de-los-ninos-abasto"">Museo de los Niños Abasto</a>",Actividad Física,20%OFF,Movistar
131,"<a target=""_blank"" href=""https://club.movistar.com.ar/descuentos/lago-de-los-cisnes-ballet-nacional-de-rusia"">Lago de los cisnes, Ballet nacional de Rusia</a>",Cultura y entretenimiento,30%OFF,Movistar
132,"<a target=""_blank"" href=""https://club.movistar.com.ar/descuentos/cine-pakewaia"">Cine Pakewaia</a>",Cultura y entretenimiento,2x1,Movistar
133,"<a target=""_blank"" href=""https://club.movistar.com.ar/descuentos/perota-chingo"">Perotá Chingó</a>",Actividad Física,2x1,Movistar
134,"<a target=""_blank"" href=""https://club.movistar.com.ar/descuentos/green-and-co-1"">Green & Co</a>",Gastronomía,20%OFF,Movistar
135,"<a target=""_blank"" href=""https://club.movistar.com.ar/descuentos/cines-exhibidora-atlantica"">Cines Exhibidora Atlántica</a>",Cultura y entretenimiento,2x1,Movistar
136,"<a target=""_blank"" href=""https://club.movistar.com.ar/descuentos/tokio-hotel"">Tokio Hotel</a>",Actividad Física,25%OFF,Movistar
137,"<a target=""_blank"" href=""https://club.movistar.com.ar/descuentos/logicamente-sala-de-escape"">Logicamente sala de escape</a>",Actividad Física,25%OFF,Movistar
138,"<a target=""_blank"" href=""https://club.movistar.com.ar/descuentos/federico-cyrulnik-en-flashback-1"">Federico Cyrulnik en Flashback</a>",Actividad Física,2x1,Movistar
139,"<a target=""_blank"" href=""https://club.movistar.com.ar/descuentos/pasajes-estacion-fluvial"">Pasajes estación Fluvial</a>",Viajes y Turismo,15%OFF,Movistar
140,"<a target=""_blank"" href=""https://club.movistar.com.ar/descuentos/el-sueno-de-los-elefantes-6"">El sueño de los elefantes</a>",Actividad Física,2x1,Movistar
141,"<a target=""_blank"" href=""https://club.movistar.com.ar/descuentos/paintball"">Paintball</a>",Actividad Física,30%OFF,Movistar
142,"<a target=""_blank"" href=""https://club.movistar.com.ar/descuentos/crepas"">Crepas</a>",Actividad Física,15%OFF,Movistar
143,"<a target=""_blank"" href=""https://club.movistar.com.ar/descuentos/gran-galpon"">Gran Galpón</a>",Actividad Física,25%OFF,Movistar
144,"<a target=""_blank"" href=""https://club.movistar.com.ar/descuentos/los-abuelos-de-la-nada"">Los Abuelos de la Nada</a>",Cultura y entretenimiento,30%OFF,Movistar
145,"<a target=""_blank"" href=""https://club.movistar.com.ar/descuentos/ladran-sancho"">Ladran Sancho</a>",Gastronomía,2x1,Movistar
146,"<a target=""_blank"" href=""https://club.movistar.com.ar/descuentos/driver-bariloche"">Driver Bariloche</a>",Viajes y Turismo,20%OFF,Movistar
147,"<a target=""_blank"" href=""https://club.movistar.com.ar/descuentos/complejo-la-perla-1"">Complejo la Perla Pileta</a>",Actividad Física,2x1,Movistar
148,"<a target=""_blank"" href=""https://club.movistar.com.ar/descuentos/muerdo"">Muerdo</a>",Actividad Física,2x1,Movistar
149,"<a target=""_blank"" href=""https://club.movistar.com.ar/descuentos/futbol-5"">FÚTBOL 5</a>",Actividad Física,25%OFF,Movistar
150,"<a target=""_blank"" href=""https://club.movistar.com.ar/descuentos/tempo-di-pasta-1"">Tempo di Pasta</a>",Gastronomía,20%OFF,Movistar
151,"<a target=""_blank"" href=""https://club.movistar.com.ar/descuentos/kitesurf"">KITESURF</a>",Actividad Física,2x1,Movistar
152,"<a target=""_blank"" href=""https://club.movistar.com.ar/descuentos/entre-dos-1"">Entre Dos</a>",Gastronomía,15%OFF,Movistar
153,"<a target=""_blank"" href=""https://club.movistar.com.ar/descuentos/la-bodeguita"">La bodeguita</a>",Actividad Física,15%OFF,Movistar
154,"<a target=""_blank"" href=""https://club.movistar.com.ar/descuentos/casa-campus-pilar-suites"">Casa Campus Pilar Suites</a>",Cultura y entretenimiento,20%OFF,Movistar
155,"<a target=""_blank"" href=""https://club.movistar.com.ar/descuentos/anker-beer-garden"">Anker Beer Garden</a>",Actividad Física,2x1,Movistar
156,"<a target=""_blank"" href=""https://club.movistar.com.ar/descuentos/argentina-rafting-2"">Argentina Rafting</a>",Actividad Física,20%OFF,Movistar
157,"<a target=""_blank"" href=""https://club.movistar.com.ar/descuentos/bronx-cerveceria"">Bronx Cervecería</a>",Gastronomía,15%OFF,Movistar
158,"<a target=""_blank"" href=""https://club.movistar.com.ar/descuentos/hotel-conquistador"">Hotel Conquistador</a>",Viajes y Turismo,15%OFF,Movistar
159,"<a target=""_blank"" href=""https://club.movistar.com.ar/descuentos/indios-plus-valdes-plus-clara-cava"">Indios + Valdes + Clara Cava</a>",Actividad Física,2x1,Movistar
160,"<a target=""_blank"" href=""https://club.movistar.com.ar/descuentos/willy-crook-and-the-funky-torinos-1"">Willy Crook & The Funky Torinos</a>",Actividad Física,2x1,Movistar
161,"<a target=""_blank"" href=""https://club.movistar.com.ar/descuentos/formula-x-karting"">Formula X Karting</a>",Actividad Física,30%OFF,Movistar
162,"<a target=""_blank"" href=""https://club.movistar.com.ar/descuentos/cine-atlantic-villa-gesell"">Cine Atlantic  Villa Gesell</a>",Cultura y entretenimiento,20%OFF,Movistar
163,"<a target=""_blank"" href=""https://club.movistar.com.ar/descuentos/subidas-al-muro"">Subidas al Muro</a>",Actividad Física,2x1,Movistar
164,"<a target=""_blank"" href=""https://club.movistar.com.ar/descuentos/gimnasio-impulse-funcional"">Gimnasio Impulse Funcional</a>",Cultura y entretenimiento,25%OFF,Movistar
165,"<a target=""_blank"" href=""https://club.movistar.com.ar/descuentos/chin-gu-containers-1"">Chin Gu Containers</a>",Actividad Física,2x1,Movistar
166,"<a target=""_blank"" href=""https://club.movistar.com.ar/descuentos/stand-up-paddle"">STAND UP PADDLE</a>",Actividad Física,2x1,Movistar
167,"<a target=""_blank"" href=""https://club.movistar.com.ar/descuentos/pelokitos"">Pelokitos</a>",Actividad Física,20%OFF,Movistar
168,"<a target=""_blank"" href=""https://club.movistar.com.ar/descuentos/la-andina"">La Andina</a>",Gastronomía,15%OFF,Movistar
169,"<a target=""_blank"" href=""https://club.movistar.com.ar/descuentos/birra"">Birra</a>",Actividad Física,15%OFF,Movistar
170,"<a target=""_blank"" href=""https://club.movistar.com.ar/descuentos/bowling-and-co"">Bowling & Co</a>",Actividad Física,2x1,Movistar
171,"<a target=""_blank"" href=""https://club.movistar.com.ar/descuentos/golden-pack"">Golden Pack</a>",Actividad Física,15%OFF,Movistar
172,"<a target=""_blank"" href=""https://club.movistar.com.ar/descuentos/on-tap"">On Tap</a>",Actividad Física,15%OFF,Movistar
173,"<a target=""_blank"" href=""https://club.movistar.com.ar/descuentos/improcrash-12"">Improcrash!</a>",Actividad Física,2x1,Movistar
174,"<a target=""_blank"" href=""https://club.movistar.com.ar/descuentos/protege-tu-viaje"">Protege tu viaje</a>",Viajes y Turismo,50%OFF,Movistar
175,"<a target=""_blank"" href=""https://club.movistar.com.ar/descuentos/toien-peru-licuados"">Toien Perú | Licuados</a>",Gastronomía,20%OFF,Movistar
176,"<a target=""_blank"" href=""https://club.movistar.com.ar/descuentos/ricale-online-2"">Ricale Online</a>",Viajes y Turismo,promo,Movistar
177,"<a target=""_blank"" href=""https://club.movistar.com.ar/descuentos/bunker"">Bunker</a>",Gastronomía,25%OFF,Movistar
178,"<a target=""_blank"" href=""https://club.movistar.com.ar/descuentos/cerveceria-harriz"">Cervecería Harriz</a>",Gastronomía,2x1,Movistar
179,"<a target=""_blank"" href=""https://club.movistar.com.ar/descuentos/pista-de-patinaje-ice-cba"">Pista de Patinaje ICE- CBA</a>",Actividad Física,30%OFF,Movistar
180,"<a target=""_blank"" href=""https://club.movistar.com.ar/descuentos/escape-room-cordoba"">Escape Room - Cordoba</a>",Actividad Física,40%OFF,Movistar
181,"<a target=""_blank"" href=""https://club.movistar.com.ar/descuentos/club-cuisine-and-vins"">Club Cuisine & Vins</a>",Actividad Física,20%OFF,Movistar
182,"<a target=""_blank"" href=""https://club.movistar.com.ar/descuentos/bronx"">Bronx</a>",Actividad Física,20%OFF,Movistar
183,"<a target=""_blank"" href=""https://club.movistar.com.ar/descuentos/adorado-bar"">Adorado Bar</a>",Gastronomía,10%OFF,Movistar
184,"<a target=""_blank"" href=""https://club.movistar.com.ar/descuentos/citrino"">Citrino</a>",Gastronomía,15%OFF,Movistar
185,"<a target=""_blank"" href=""https://club.movistar.com.ar/descuentos/distrito-federal-cerveceria"">Distrito Federal Cerveceria</a>",Actividad Física,Promo,Movistar
186,"<a target=""_blank"" href=""https://club.movistar.com.ar/descuentos/muro-de-escalada"">Muro de Escalada</a>",Actividad Física,20%OFF,Movistar
187,"<a target=""_blank"" href=""https://club.movistar.com.ar/descuentos/jim-gaffigan-pale-tourist-tour"">Jim Gaffigan: Pale Tourist Tour</a>",Actividad Física,2x1,Movistar
188,"<a target=""_blank"" href=""https://club.movistar.com.ar/descuentos/santos-vega"">Santos Vega</a>",Actividad Física,Promo,Movistar
189,"<a target=""_blank"" href=""https://club.movistar.com.ar/descuentos/taburete-comedia"">Taburete comedia</a>",Actividad Física,2x1,Movistar
190,"<a target=""_blank"" href=""https://club.movistar.com.ar/descuentos/beer-house-70-30"">Beer House 70 30</a>",Gastronomía,20%OFF,Movistar
191,"<a target=""_blank"" href=""https://club.movistar.com.ar/descuentos/toien-peru-combos"">Toien Perú | Combos</a>",Actividad Física,15%OFF,Movistar
192,"<a target=""_blank"" href=""https://club.movistar.com.ar/descuentos/enbas-escuela-nacional-de-buceo-2"">Enbas, escuela nacional de buceo</a>",Actividad Física,20%OFF,Movistar
193,"<a target=""_blank"" href=""https://club.movistar.com.ar/descuentos/balneario-la-florida"">Balneario La Florida</a>",Actividad Física,20%OFF,Movistar
194,"<a target=""_blank"" href=""https://club.movistar.com.ar/descuentos/jack-tower-el-fundador"">Jack Tower, El Fundador</a>",Actividad Física,Promo,Movistar
195,"<a target=""_blank"" href=""https://club.movistar.com.ar/descuentos/los-totos"">Los Totos</a>",Gastronomía,20%OFF,Movistar
196,"<a target=""_blank"" href=""https://club.movistar.com.ar/descuentos/mr-beer"">Mr beer</a>",Gastronomía,15%OFF,Movistar
197,"<a target=""_blank"" href=""https://club.movistar.com.ar/descuentos/restaurant-hotel-conquistador"">Restaurant Hotel Conquistador</a>",Gastronomía,20%OFF,Movistar
198,"<a target=""_blank"" href=""https://club.movistar.com.ar/descuentos/windsurf"">WINDSURF</a>",Actividad Física,2x1,Movistar
199,"<a target=""_blank"" href=""https://club.movistar.com.ar/descuentos/crazy-karting"">Crazy Karting</a>",Actividad Física,30%OFF,Movistar
200,"<a target=""_blank"" href=""https://club.movistar.com.ar/descuentos/kostelo-resto-and-grill"">Kostelo resto & grill</a>",Gastronomía,15%OFF,Movistar
201,"<a target=""_blank"" href=""https://club.movistar.com.ar/descuentos/ronnie"">Ronnie</a>",Actividad Física,15%OFF,Movistar
202,"<a target=""_blank"" href=""https://club.movistar.com.ar/descuentos/oreganatto-1"">Oreganatto</a>",Gastronomía,20%OFF,Movistar
203,"<a target=""_blank"" href=""https://club.movistar.com.ar/descuentos/tercer-tiempo-resto"">Tercer Tiempo Restó</a>",Gastronomía,15%OFF,Movistar
204,"<a target=""_blank"" href=""https://club.movistar.com.ar/descuentos/escape-room-cordoba-2"">Escape Room - Cordoba</a>",Actividad Física,25%OFF,Movistar
205,"<a target=""_blank"" href=""https://club.movistar.com.ar/descuentos/chinchibira"">Chinchibira</a>",Actividad Física,15%OFF,Movistar
206,"<a target=""_blank"" href=""https://club.movistar.com.ar/descuentos/porter"">Porter</a>",Actividad Física,15%OFF,Movistar
207,"<a target=""_blank"" href=""https://club.movistar.com.ar/descuentos/calabaza"">Calabaza</a>",Gastronomía,15%OFF,Movistar
208,"<a target=""_blank"" href=""https://club.movistar.com.ar/descuentos/uno-bahia-club"">Uno Bahía Club</a>",Actividad Física,25%OFF,Movistar
209,"<a target=""_blank"" href=""https://club.movistar.com.ar/descuentos/wit-coworking"">Wit Coworking</a>",Gastronomía,20%OFF,Movistar
210,"<a target=""_blank"" href=""https://club.movistar.com.ar/descuentos/escuela-gourmet"">Escuela Gourmet</a>",Gastronomía,15%OFF,Movistar
211,"<a target=""_blank"" href=""https://club.movistar.com.ar/descuentos/escape-room-bariloche"">Escape Room Bariloche</a>",Actividad Física,20%OFF,Movistar
212,"<a target=""_blank"" href=""https://club.movistar.com.ar/descuentos/sara-eventos-multiespacios-1"">Sara Eventos  - Multiespacios</a>",Actividad Física,15%OFF,Movistar
213,"<a target=""_blank"" href=""https://club.movistar.com.ar/descuentos/complejo-la-perla"">Complejo la Perla</a>",Actividad Física,20%OFF,Movistar
214,"<a target=""_blank"" href=""https://club.movistar.com.ar/descuentos/enter-ther-exit"">Enter Ther Exit</a>",Actividad Física,promo,Movistar
215,"<a target=""_blank"" href=""https://club.movistar.com.ar/descuentos/anker-beer-garden-1"">Anker Beer Garden</a>",Gastronomía,20%OFF,Movistar
216,"<a target=""_blank"" href=""https://club.movistar.com.ar/descuentos/traunn-fonda"">Trauun Fonda</a>",Gastronomía,20%OFF,Movistar
217,"<a target=""_blank"" href=""https://club.movistar.com.ar/descuentos/escape-room-cordoba-1"">Escape Room - Cordoba</a>",Actividad Física,15%OFF,Movistar
218,"<a target=""_blank"" href=""https://club.movistar.com.ar/descuentos/jimmy"">Jimmy</a>",Actividad Física,15%OFF,Movistar
219,"<a target=""_blank"" href=""https://club.movistar.com.ar/descuentos/gr-delivery-infantil-1"">GR Delivery Infantil</a>",Actividad Física,50%OFF,Movistar
220,"<a target=""_blank"" href=""https://club.movistar.com.ar/descuentos/videostation"">Videostation</a>",Actividad Física,Promo,Movistar
221,"<a target=""_blank"" href=""https://club.movistar.com.ar/descuentos/guarderia-windsurf"">Guardería Windsurf</a>",Actividad Física,20%OFF,Movistar
222,"<a target=""_blank"" href=""https://sanlorenzo.com.ar/club/beneficios"">Personal</a>",Servicios,30% de descuento Todos los días,San Lorenzo
223,"<a target=""_blank"" href=""https://sanlorenzo.com.ar/club/beneficios"">DirectTV</a>",Hogar,30% de descuento Por 1 año,San Lorenzo
224,"<a target=""_blank"" href=""https://sanlorenzo.com.ar/club/beneficios"">Howard Johnson</a>",Viajes y Turismo,10% de descuento Todos los días,San Lorenzo
225,"<a target=""_blank"" href=""https://sanlorenzo.com.ar/club/beneficios"">Big Box</a>",Cultura y entretenimiento,10% de descuento Todos los días,San Lorenzo
226,"<a target=""_blank"" href=""https://sanlorenzo.com.ar/club/beneficios"">Seguros Orbis</a>",Seguros,20% de descuento Todos los días,San Lorenzo
227,"<a target=""_blank"" href=""https://sanlorenzo.com.ar/club/beneficios"">La Continental</a>",Gastronomía,10% de descuento De lunes a jueves,San Lorenzo
228,"<a target=""_blank"" href=""https://sanlorenzo.com.ar/club/beneficios"">Farmacias La Santé</a>",Salud,15% en medicamentos Todos los días,San Lorenzo
229,"<a target=""_blank"" href=""https://sanlorenzo.com.ar/club/beneficios"">MásDelivery</a>",Gastronomía,10% de descuento Todos los días,San Lorenzo
230,"<a target=""_blank"" href=""https://sanlorenzo.com.ar/club/beneficios"">El Podio</a>",Gastronomía,15% de descuento De lunes a viernes,San Lorenzo
231,"<a target=""_blank"" href=""https://sanlorenzo.com.ar/club/beneficios"">Deltoro Burgers</a>",Gastronomía,10% de descuento Todos los días,San Lorenzo
232,"<a target=""_blank"" href=""https://sanlorenzo.com.ar/club/beneficios"">DENIRO</a>",Gastronomía,15% Efectivo Todos los días,San Lorenzo
233,"<a target=""_blank"" href=""https://sanlorenzo.com.ar/club/beneficios"">San Patricio</a>",Gastronomía,10% de descuento De lunes a jueves,San Lorenzo
234,"<a target=""_blank"" href=""https://sanlorenzo.com.ar/club/beneficios"">The Old Uncle's Beer</a>",Gastronomía,3x2 de descuento En Pintas,San Lorenzo
235,"<a target=""_blank"" href=""https://sanlorenzo.com.ar/club/beneficios"">Puro Cacao</a>",Gastronomía,20% de descuento Todos los días,San Lorenzo
236,"<a target=""_blank"" href=""https://sanlorenzo.com.ar/club/beneficios"">MARIANI</a>",Gastronomía,15% de descuento De lunes a viernes,San Lorenzo
237,"<a target=""_blank"" href=""https://sanlorenzo.com.ar/club/beneficios"">La Pinocha Chocolates</a>",Gastronomía,10% de descuento Todos los días,San Lorenzo
238,"<a target=""_blank"" href=""https://sanlorenzo.com.ar/club/beneficios"">36 billares</a>",Gastronomía,10% de descuento De lunes a jueves,San Lorenzo
239,"<a target=""_blank"" href=""https://sanlorenzo.com.ar/club/beneficios"">Hotel food in the hood</a>",Gastronomía,10% de descuento Todos los días,San Lorenzo
240,"<a target=""_blank"" href=""https://sanlorenzo.com.ar/club/beneficios"">Guriciando</a>",Hogar,10% de descuento Todos los días,San Lorenzo
241,"<a target=""_blank"" href=""https://sanlorenzo.com.ar/club/beneficios"">La Cardeuse</a>",Hogar,40% de descuento Todos los días,San Lorenzo
242,"<a target=""_blank"" href=""https://sanlorenzo.com.ar/club/beneficios"">Círculo de Periodistas Deportivos</a>",Cultura y entretenimiento,50% de descuento matriculaciones,San Lorenzo
243,"<a target=""_blank"" href=""https://sanlorenzo.com.ar/club/beneficios"">Eidec</a>",Cultura y entretenimiento,30% de descuento ,San Lorenzo
244,"<a target=""_blank"" href=""https://sanlorenzo.com.ar/club/beneficios"">Johan Cruyff Institute</a>",Cultura y entretenimiento,30% de descuento Cursos online,San Lorenzo
245,"<a target=""_blank"" href=""https://sanlorenzo.com.ar/club/beneficios"">Full Dance</a>",Cultura y entretenimiento,15% de descuento Lunes a Sábado,San Lorenzo
246,"<a target=""_blank"" href=""https://sanlorenzo.com.ar/club/beneficios"">UNSAM</a>",Cultura y entretenimiento,20% de descuento Todos los días,San Lorenzo
247,"<a target=""_blank"" href=""https://sanlorenzo.com.ar/club/beneficios"">Soy Cuervo</a>",Indumentaria,15% de descuento Todos los días,San Lorenzo
248,"<a target=""_blank"" href=""https://sanlorenzo.com.ar/club/beneficios"">San Lorenzo Store</a>",Servicios y Productos,10% de descuento Todos los días,San Lorenzo
249,"<a target=""_blank"" href=""https://sanlorenzo.com.ar/club/beneficios"">Andros</a>",Indumentaria,15% de descuento Todos los días,San Lorenzo
250,"<a target=""_blank"" href=""https://sanlorenzo.com.ar/club/beneficios"">Andros Sport</a>",Indumentaria,15% de descuento Todos los días,San Lorenzo
251,"<a target=""_blank"" href=""https://sanlorenzo.com.ar/club/beneficios"">Aretha</a>",Indumentaria,15% de descuento Todos los días,San Lorenzo
252,"<a target=""_blank"" href=""https://sanlorenzo.com.ar/club/beneficios"">Aretha Sport</a>",Indumentaria,15% de descuento Todos los días,San Lorenzo
253,"<a target=""_blank"" href=""https://sanlorenzo.com.ar/club/beneficios"">Cortemanía</a>",,20% de descuento Todos los días,San Lorenzo
254,"<a target=""_blank"" href=""https://sanlorenzo.com.ar/club/beneficios"">CEMEPLA</a>",Salud,20% de descuento Todos los días,San Lorenzo
255,"<a target=""_blank"" href=""https://sanlorenzo.com.ar/club/beneficios"">Kynesys</a>",Salud,50% de descuento Todos los días,San Lorenzo
256,"<a target=""_blank"" href=""https://sanlorenzo.com.ar/club/beneficios"">Llamando al Doctor</a>",Salud,15% de descuento Todos los días,San Lorenzo
257,"<a target=""_blank"" href=""https://sanlorenzo.com.ar/club/beneficios"">Universal Assistence</a>",Viajes y Turismo,20% de descuento Todos los días,San Lorenzo
258,"<a target=""_blank"" href=""https://sanlorenzo.com.ar/club/beneficios"">Pro Run</a>",Salud,20% de descuento ,San Lorenzo
259,"<a target=""_blank"" href=""https://sanlorenzo.com.ar/club/beneficios"">Enter the exit</a>",Cultura y entretenimiento,20% de descuento Martes a Jueves,San Lorenzo
260,"<a target=""_blank"" href=""https://sanlorenzo.com.ar/club/beneficios"">Delta Point</a>",Cultura y entretenimiento,20% en Paddle Surfy Kayak Todos los días,San Lorenzo
261,"<a target=""_blank"" href=""https://sanlorenzo.com.ar/club/beneficios"">Humberto M</a>",Cultura y entretenimiento,20% de descuento Todos los días,San Lorenzo
262,"<a target=""_blank"" href=""https://sanlorenzo.com.ar/club/beneficios"">Barquitur</a>",Viajes y turismo,15% de descuento Lunes a Viernes,San Lorenzo
263,"<a target=""_blank"" href=""https://sanlorenzo.com.ar/club/beneficios"">Sky Dive Center</a>",Cultura y entretenimiento,10% de descuento ,San Lorenzo
264,"<a target=""_blank"" href=""https://sanlorenzo.com.ar/club/beneficios"">Tedelupulo</a>",Gastronomía,20% de descuento Todos los días,San Lorenzo
265,"<a target=""_blank"" href=""https://sanlorenzo.com.ar/club/beneficios"">MOVO</a>",transporte,10 minutos Sin cargo,San Lorenzo
266,"<a target=""_blank"" href=""https://sanlorenzo.com.ar/club/beneficios"">Pinturas Andina</a>",Hogar,15% de descuento En productos Andina,San Lorenzo
267,"<a target=""_blank"" href=""https://sanlorenzo.com.ar/club/beneficios"">Sintiendo Diseño</a>",Servicios y Productos,15% de descuento Todos los días,San Lorenzo
268,"<a target=""_blank"" href=""https://sanlorenzo.com.ar/club/beneficios"">Nuthost</a>",Servicios y Productos,60% de descuento Todos los días,San Lorenzo
269,"<a target=""_blank"" href=""https://sanlorenzo.com.ar/club/beneficios"">Labs 357</a>",Servicios y Productos,20% de descuento Gestión de marketing,San Lorenzo
270,"<a target=""_blank"" href=""https://sanlorenzo.com.ar/club/beneficios"">Hielos Aitana</a>",Servicios y Productos,15% de descuento ,San Lorenzo
271,"<a target=""_blank"" href=""https://sanlorenzo.com.ar/club/beneficios"">DYS Online</a>",Servicios y Productos,20% de descuento en efectivo,San Lorenzo
272,"<a target=""_blank"" href=""https://sanlorenzo.com.ar/club/beneficios"">Giuliana BsAs</a>",Servicios y Productos,15% de descuento los miércoles,San Lorenzo
